{
  "project_info": {
    "project_number": "1039142369644",
    "project_id": "moneysaver-app",
    "storage_bucket": "moneysaver-app.appspot.com"
  },
  "client": [
    {
      "client_info": {
        "mobilesdk_app_id": "1:1039142369644:android:05059c5f7a1969a3a0db49",
        "android_client_info": {
          "package_name": "com.example.moneysaverapp"
        }
      },
      "oauth_client": [
        {
          "client_id": "1039142369644-gjvptkq151mr347vp7859q4j3cuo7i69.apps.googleusercontent.com",
          "client_type": 3
        }
      ],
      "api_key": [
        {
          "current_key": "AIzaSyB3Hf1jcJDJZOaSp288fcTRT60Zi9oQIoc"
        }
      ],
      "services": {
        "appinvite_service": {
          "other_platform_oauth_client": [
            {
              "client_id": "1039142369644-gjvptkq151mr347vp7859q4j3cuo7i69.apps.googleusercontent.com",
              "client_type": 3
            }
          ]
        }
      }
    }
  ],
  "configuration_version": "1"
}